{"cameraMode":{"drawMode":0,"name":"Shaded","section":"Shading Mode"},"sceneLighting":false,"audioPlay":false,"sceneViewState":{"showFog":true,"showMaterialUpdate":true,"showSkybox":false,"showFlares":true,"showImageEffects":true,"showParticleSystems":true},"in2DMode":false,"pivot":{"x":0.0005941390991210938,"y":1.1513853073120118,"z":0.011977612972259522},"rotation":{"x":0.009268706664443016,"y":0.9516516327857971,"z":-0.02885419689118862,"w":0.3056807219982147},"size":5.656991004943848,"orthographic":false}