{"cameraMode":{"drawMode":0,"name":"Shaded","section":"Shading Mode"},"sceneLighting":true,"audioPlay":false,"sceneViewState":{"showFog":true,"showMaterialUpdate":true,"showSkybox":true,"showFlares":true,"showImageEffects":true,"showParticleSystems":true},"in2DMode":false,"pivot":{"x":-1.762871503829956,"y":0.21699047088623048,"z":-0.38063526153564455},"rotation":{"x":0.011429902166128159,"y":0.9800660610198975,"z":-0.18931113183498383,"w":0.059170402586460116},"size":6.418772220611572,"orthographic":false}