{"cameraMode":{"drawMode":0,"name":"Shaded","section":"Shading Mode"},"sceneLighting":true,"audioPlay":false,"sceneViewState":{"showFog":true,"showMaterialUpdate":true,"showSkybox":true,"showFlares":true,"showImageEffects":true,"showParticleSystems":true},"in2DMode":false,"pivot":{"x":-0.2451464831829071,"y":-0.03331855684518814,"z":0.007927502505481243},"rotation":{"x":0.006777376402169466,"y":0.9545513391494751,"z":-0.29717326164245608,"w":0.02176816016435623},"size":5.775911331176758,"orthographic":false}